origin,destination,demand
1,5,7
1,6,9
1,10,10
1,12,1
1,14,3
1,18,6
2,6,3
2,13,10
2,14,8
3,10,2
3,12,2
3,13,4
3,14,3
4,1,9
4,9,6
4,12,8
4,15,3
4,16,1
4,18,6
5,2,3
5,15,2
5,16,6
6,3,6
6,8,5
6,12,4
6,13,1
6,17,2
6,18,5
7,2,3
7,18,4
8,1,10
8,12,10
8,18,10
9,1,5
9,3,3
9,5,1
9,13,4
9,19,1
10,2,2
10,7,4
10,8,3
10,12,6
10,14,8
10,15,6
11,6,9
11,7,6
11,8,2
11,10,2
11,14,6
11,15,2
11,17,5
11,19,4
12,1,6
12,5,1
12,8,4
12,17,2
12,18,10
13,5,10
13,6,6
14,3,6
14,5,7
14,6,1
14,9,9
14,13,5
14,16,2
14,17,2
14,18,4
15,7,4
15,8,10
15,9,8
15,13,8
15,16,7
16,2,5
16,6,5
16,9,9
16,12,6
16,15,1
17,3,3
17,4,3
17,5,10
17,6,9
17,8,1
17,9,9
17,13,2
17,14,9
17,20,10
18,4,10
18,8,8
18,15,3
18,20,2
19,4,6
19,12,3
19,14,9
20,5,9
20,7,4
20,8,9
20,11,7
20,13,9
20,16,9
20,17,3
