arc,tail,head,capacity,fixed_cost,flow_cost
1,1,2,26,44,0
2,1,3,23,34,0
3,1,4,20,61,0
4,1,5,19,47,0
5,1,6,29,66,0
6,1,7,19,45,0
7,1,8,21,44,0
8,2,1,26,44,0
9,2,3,28,41,0
10,2,4,24,47,0
11,2,5,30,35,0
12,2,6,20,54,0
13,2,7,24,46,0
14,2,8,22,45,0
15,3,1,23,34,0
16,3,2,28,41,0
17,3,4,26,61,0
18,3,5,30,50,0
19,3,6,30,61,0
20,3,7,30,44,0
21,3,8,24,35,0
22,4,1,20,61,0
23,4,2,24,47,0
24,4,3,26,61,0
25,4,5,20,36,0
26,4,6,24,65,0
27,4,7,28,56,0
28,4,8,25,60,0
29,5,1,19,47,0
30,5,2,30,35,0
31,5,3,30,50,0
32,5,4,20,36,0
33,5,6,23,61,0
34,5,7,18,42,0
35,5,8,23,53,0
36,6,1,29,66,0
37,6,2,20,54,0
38,6,3,30,61,0
39,6,4,24,65,0
40,6,5,23,61,0
41,6,7,23,40,0
42,6,8,19,42,0
43,7,1,19,45,0
44,7,2,24,46,0
45,7,3,30,44,0
46,7,4,28,56,0
47,7,5,18,42,0
48,7,6,23,40,0
49,7,8,19,33,0
50,8,1,21,44,0
51,8,2,22,45,0
52,8,3,24,35,0
53,8,4,25,60,0
54,8,5,23,53,0
55,8,6,19,42,0
56,8,7,19,33,0
