arc,tail,head,capacity,fixed_cost,flow_cost
1,1,2,2171.0,2052.0,100.0
2,1,19,678.0,862.0,79.0
3,1,17,608.0,1560.0,21.0
4,1,7,417.0,1067.0,18.0
5,1,18,322.0,1806.0,65.0
6,1,4,105.0,247.0,56.0
7,1,15,330.0,1847.0,62.0
8,1,20,530.0,1416.0,27.0
9,1,8,738.0,1293.0,18.0
10,1,3,695.0,431.0,52.0
11,1,11,183.0,944.0,69.0
12,1,10,686.0,1929.0,72.0
13,1,9,860.0,1970.0,58.0
14,1,6,365.0,370.0,50.0
15,2,3,2171.0,2052.0,100.0
16,2,10,530.0,2032.0,90.0
17,2,6,686.0,1703.0,38.0
18,2,9,270.0,1806.0,49.0
19,2,7,721.0,1950.0,24.0
20,2,1,808.0,1293.0,14.0
21,2,17,495.0,1991.0,70.0
22,2,15,634.0,370.0,69.0
23,2,11,443.0,2032.0,63.0
24,2,18,313.0,1149.0,65.0
25,2,19,322.0,595.0,97.0
26,2,20,191.0,801.0,45.0
27,2,12,843.0,1765.0,62.0
28,3,4,2171.0,2052.0,100.0
29,3,9,660.0,2032.0,38.0
30,3,14,539.0,924.0,22.0
31,3,18,218.0,1334.0,73.0
32,3,11,270.0,370.0,57.0
33,3,12,634.0,1396.0,14.0
34,3,13,209.0,206.0,29.0
35,3,16,504.0,1785.0,91.0
36,3,1,582.0,390.0,25.0
37,3,19,287.0,862.0,22.0
38,3,6,487.0,862.0,59.0
39,4,5,2171.0,2052.0,100.0
40,4,10,843.0,1991.0,41.0
41,4,2,469.0,1642.0,44.0
42,4,18,634.0,1067.0,26.0
43,4,15,712.0,1355.0,44.0
44,4,11,764.0,657.0,20.0
45,4,17,530.0,1888.0,52.0
46,4,7,747.0,739.0,36.0
47,4,9,773.0,452.0,14.0
48,5,6,2171.0,2052.0,100.0
49,5,9,96.0,329.0,20.0
50,5,13,764.0,1006.0,34.0
51,5,3,643.0,883.0,28.0
52,5,16,782.0,247.0,80.0
53,5,19,756.0,1170.0,84.0
54,5,15,478.0,1211.0,17.0
55,5,17,591.0,1970.0,56.0
56,5,11,270.0,1929.0,19.0
57,5,2,608.0,595.0,78.0
58,6,7,2171.0,2052.0,100.0
59,6,13,408.0,678.0,64.0
60,6,11,860.0,1724.0,90.0
61,6,8,105.0,637.0,23.0
62,6,14,591.0,267.0,88.0
63,6,15,756.0,247.0,19.0
64,6,3,686.0,1396.0,38.0
65,6,5,235.0,657.0,51.0
66,6,18,443.0,1909.0,87.0
67,6,19,669.0,1478.0,15.0
68,6,10,825.0,1478.0,22.0
69,6,17,165.0,760.0,86.0
70,6,9,695.0,1539.0,68.0
71,7,8,2171.0,2052.0,100.0
72,7,3,261.0,1683.0,77.0
73,7,13,599.0,1991.0,36.0
74,7,19,304.0,1088.0,32.0
75,7,9,191.0,985.0,22.0
76,7,18,235.0,595.0,27.0
77,7,11,591.0,1826.0,80.0
78,7,2,382.0,965.0,78.0
79,7,1,565.0,1539.0,78.0
80,7,16,339.0,1642.0,43.0
81,8,9,2171.0,2052.0,100.0
82,8,5,261.0,1498.0,77.0
83,8,7,695.0,1416.0,61.0
84,8,6,157.0,1478.0,33.0
85,8,10,634.0,1744.0,18.0
86,8,17,625.0,1847.0,50.0
87,8,16,582.0,1888.0,19.0
88,8,11,756.0,1478.0,59.0
89,8,18,461.0,1047.0,35.0
90,8,13,296.0,985.0,85.0
91,8,4,721.0,883.0,35.0
92,9,10,2171.0,2052.0,100.0
93,9,6,764.0,1416.0,60.0
94,9,4,278.0,1355.0,99.0
95,9,16,165.0,1190.0,95.0
96,9,17,322.0,349.0,45.0
97,9,8,825.0,1909.0,96.0
98,9,13,113.0,1334.0,70.0
99,9,1,547.0,390.0,13.0
100,9,2,782.0,1744.0,80.0
101,9,19,218.0,1375.0,44.0
102,9,3,730.0,862.0,76.0
103,9,12,573.0,1785.0,15.0
104,9,11,573.0,206.0,32.0
105,10,11,2171.0,2052.0,100.0
106,10,16,625.0,1744.0,44.0
107,10,12,573.0,1088.0,14.0
108,10,8,435.0,1765.0,39.0
109,10,18,747.0,1478.0,15.0
110,10,13,773.0,842.0,36.0
111,10,7,747.0,801.0,93.0
112,10,15,365.0,1375.0,40.0
113,10,19,756.0,390.0,45.0
114,11,12,2171.0,2052.0,100.0
115,11,20,686.0,1293.0,38.0
116,11,15,157.0,1498.0,68.0
117,11,7,773.0,1149.0,54.0
118,11,1,625.0,349.0,96.0
119,11,9,747.0,1826.0,34.0
120,11,18,591.0,944.0,24.0
121,11,13,339.0,452.0,12.0
122,11,16,148.0,1334.0,48.0
123,11,4,113.0,1457.0,69.0
124,11,14,304.0,370.0,32.0
125,12,13,2171.0,2052.0,100.0
126,12,15,660.0,267.0,83.0
127,12,20,704.0,308.0,63.0
128,12,18,617.0,1580.0,50.0
129,12,10,218.0,1642.0,70.0
130,12,17,391.0,1744.0,68.0
131,12,3,426.0,842.0,88.0
132,12,4,183.0,329.0,16.0
133,12,7,417.0,1334.0,20.0
134,12,9,808.0,1744.0,19.0
135,13,14,2171.0,2052.0,100.0
136,13,19,721.0,1724.0,14.0
137,13,16,782.0,1929.0,78.0
138,13,20,704.0,637.0,20.0
139,13,6,408.0,1375.0,47.0
140,13,15,313.0,472.0,91.0
141,13,9,513.0,862.0,93.0
142,13,8,382.0,1047.0,28.0
143,13,1,139.0,1929.0,92.0
144,14,15,2171.0,2052.0,100.0
145,14,10,634.0,780.0,28.0
146,14,5,834.0,390.0,19.0
147,14,4,825.0,1642.0,79.0
148,14,20,96.0,1478.0,45.0
149,14,16,565.0,1170.0,82.0
150,14,3,356.0,370.0,34.0
151,14,6,261.0,1334.0,41.0
152,14,8,382.0,1519.0,82.0
153,14,2,131.0,2011.0,36.0
154,14,19,704.0,1765.0,15.0
155,15,16,2171.0,2052.0,100.0
156,15,17,539.0,595.0,33.0
157,15,14,148.0,1765.0,95.0
158,15,12,860.0,329.0,93.0
159,15,2,721.0,1868.0,52.0
160,15,4,209.0,1355.0,64.0
161,15,13,678.0,678.0,35.0
162,15,11,495.0,1560.0,22.0
163,15,3,270.0,1847.0,33.0
164,15,19,278.0,883.0,98.0
165,15,9,148.0,1231.0,28.0
166,15,6,382.0,267.0,79.0
167,15,5,669.0,1539.0,35.0
168,15,18,712.0,1826.0,85.0
169,15,20,348.0,1683.0,99.0
170,16,17,2171.0,2052.0,100.0
171,16,5,417.0,1170.0,41.0
172,16,9,704.0,1190.0,96.0
173,16,6,304.0,1170.0,82.0
174,16,11,851.0,1149.0,94.0
175,16,19,209.0,1868.0,74.0
176,16,1,695.0,1088.0,64.0
177,16,7,165.0,1868.0,11.0
178,16,14,174.0,1108.0,40.0
179,16,15,738.0,513.0,59.0
180,16,18,513.0,1929.0,94.0
181,16,12,730.0,985.0,57.0
182,17,18,2171.0,2052.0,100.0
183,17,5,547.0,1170.0,10.0
184,17,14,539.0,1970.0,93.0
185,17,12,764.0,329.0,85.0
186,17,6,747.0,1396.0,21.0
187,17,4,339.0,1478.0,34.0
188,17,3,200.0,657.0,68.0
189,17,8,322.0,1170.0,68.0
190,17,15,547.0,1334.0,28.0
191,17,9,356.0,226.0,48.0
192,17,13,599.0,903.0,52.0
193,18,19,2171.0,2052.0,100.0
194,18,4,634.0,1252.0,91.0
195,18,7,235.0,616.0,11.0
196,18,1,860.0,554.0,22.0
197,18,20,573.0,1868.0,80.0
198,18,3,825.0,616.0,21.0
199,18,9,304.0,1929.0,58.0
200,19,20,2171.0,2052.0,100.0
201,19,12,825.0,719.0,51.0
202,19,1,330.0,985.0,51.0
203,19,16,469.0,1047.0,46.0
204,19,5,261.0,862.0,40.0
205,19,17,521.0,1273.0,14.0
206,19,18,582.0,1355.0,53.0
207,19,8,808.0,349.0,62.0
208,19,4,825.0,739.0,68.0
209,20,1,2171.0,2052.0,100.0
210,20,19,686.0,1601.0,65.0
211,20,18,469.0,1457.0,29.0
212,20,11,565.0,1826.0,21.0
213,20,6,261.0,719.0,48.0
214,20,2,330.0,206.0,23.0
215,20,4,426.0,1396.0,24.0
216,20,9,235.0,1375.0,16.0
217,20,17,252.0,1416.0,23.0
218,20,10,322.0,1129.0,84.0
219,20,3,530.0,1478.0,32.0
220,20,7,478.0,1601.0,60.0
